{"results": {"blocked.GroupbyDistributedSuite.time_blocked_dayofyear": {"result": [1.1755590185057372], "stats": [{"ci_99": [1.120809971995186, 1.2014542734069489], "q_25": 1.1672759004723048, "q_75": 1.1848113794840174, "min": 1.120809971995186, "max": 1.1904686199850403, "mean": 1.1691344983216065, "std": 0.02318811144440752, "repeat": 6, "number": 1}]}, "blocked.GroupbyDistributedSuite.time_blocked_monthday": {"result": [0.9424207944830414], "stats": [{"ci_99": [0.9126509808807601, 1.0170762080233544], "q_25": 0.9369514437421458, "q_75": 0.9483564157853834, "min": 0.9232574930065311, "max": 1.0170762080233544, "mean": 0.9517730955073299, "std": 0.03036401909917046, "repeat": 6, "number": 1}]}, "blocked.GroupbyDistributedSuite.time_xarray_dayofyear": {"result": [6.889836066489806], "stats": [{"ci_99": [-3.8319272078515496, 17.611599340831155], "q_25": 6.782618433746393, "q_75": 6.99705369923322, "min": 6.675400801002979, "max": 7.1042713319766335, "mean": 6.889836066489806, "std": 0.21443526548682712, "repeat": 2, "number": 1}]}, "blocked.GroupbySuite.time_blocked_dayofyear": {"result": [0.6714389724947978], "stats": [{"ci_99": [0.5508643620414659, 0.7089323020190932], "q_25": 0.6661584460089216, "q_75": 0.6814665054989746, "min": 0.5508643620414659, "max": 0.7089323020190932, "mean": 0.6568439665075857, "std": 0.049964256472600214, "repeat": 10, "number": 1}]}, "blocked.GroupbySuite.time_blocked_monthday": {"result": [0.5356181205133907], "stats": [{"ci_99": [0.37975451396778226, 0.5627500279806554], "q_25": 0.45521607776754536, "q_75": 0.5489953659998719, "min": 0.37975451396778226, "max": 0.5627500279806554, "mean": 0.5010153308045119, "std": 0.065623899100981, "repeat": 10, "number": 1}]}, "blocked.GroupbySuite.time_xarray_dayofyear": {"result": [5.589740982977673], "stats": [{"ci_99": [0.5103741836501285, 10.669107782305215], "q_25": 5.538947314984398, "q_75": 5.640534650970949, "min": 5.4881536469911225, "max": 5.691328318964224, "mean": 5.589740982977673, "std": 0.1015873359865509, "repeat": 2, "number": 1}]}, "blocked.ResampleDistributedSuite.time_blocked": {"result": [0.7375041579944082], "stats": [{"ci_99": [0.7164551750174724, 0.7817067170399241], "q_25": 0.7302471015136689, "q_75": 0.7701529359910637, "min": 0.7164551750174724, "max": 0.7817067170399241, "mean": 0.7466523497569142, "std": 0.022985157899448, "repeat": 8, "number": 1}]}, "blocked.ResampleDistributedSuite.time_xarray": {"result": [3.9142326589790173], "stats": [{"ci_99": [3.2256148661860538, 4.618205581148958], "q_25": 3.844144533999497, "q_75": 3.9958371309912764, "min": 3.774056409019977, "max": 4.077441603003535, "mean": 3.92191022366751, "std": 0.12397540813072529, "repeat": 3, "number": 1}]}, "blocked.ResampleSuite.time_blocked": {"result": [0.10669864900410175], "stats": [{"ci_99": [0.0995364929549396, 0.11599053599638864], "q_25": 0.10300001520954538, "q_75": 0.11077374576416332, "min": 0.0995364929549396, "max": 0.11599053599638864, "mean": 0.10732407619361765, "std": 0.005377392899632661, "repeat": 10, "number": 1}]}, "blocked.ResampleSuite.time_xarray": {"result": [3.5062642130069435], "stats": [{"ci_99": [3.107193192500196, 4.023780929473656], "q_25": 3.384721558948513, "q_75": 3.797274918993935, "min": 3.290524979995098, "max": 3.848649633990135, "mean": 3.565487060986925, "std": 0.2216728726311324, "repeat": 5, "number": 1}]}, "event.EventDistributedSuite.time_find_event": {"result": [2.8345289284770843], "stats": [{"ci_99": [2.7040406080952906, 3.0305031479044757], "q_25": 2.82742747523298, "q_75": 2.874373331243987, "min": 2.8163702620076947, "max": 2.9836593930376694, "mean": 2.867271877999883, "std": 0.0676471800575939, "repeat": 4, "number": 1}]}, "event.EventSuite.time_find_event": {"result": [5.249316045985324], "stats": [{"ci_99": [-0.6839793029648717, 11.182611394935515], "q_25": 5.189983092495822, "q_75": 5.308648999474826, "min": 5.13065013900632, "max": 5.367981952964328, "mean": 5.249316045985324, "std": 0.11866590697900392, "repeat": 2, "number": 1}]}}, "params": {"arch": "x86_64", "cpu": "Intel(R) Xeon(R) Platinum 8268 CPU @ 2.90GHz", "machine": "gadi", "num_cpu": "48", "os": "Linux 4.18.0-240.1.1.el8.nci.x86_64", "ram": "262432756", "python": "", "cfunits": "", "dask": "", "iris": "", "mule": "", "netcdf4": "", "pandas": "", "python-graphviz": "", "scipy": "", "sparse": "", "tqdm": "", "typing_extensions": "", "xarray": ""}, "requirements": {"cfunits": "", "dask": "", "iris": "", "mule": "", "netcdf4": "", "pandas": "", "python-graphviz": "", "scipy": "", "sparse": "", "tqdm": "", "typing_extensions": "", "xarray": ""}, "commit_hash": "9bb26ba608bd54335632cc953f0b232a8c94b269", "date": 1610590703000, "env_name": "conda-py-cfunits-dask-iris-mule-netcdf4-pandas-python-graphviz-scipy-sparse-tqdm-typing_extensions-xarray", "python": "", "profiles": {}, "started_at": {"blocked.GroupbyDistributedSuite.time_blocked_dayofyear": 1610597133857, "blocked.GroupbyDistributedSuite.time_blocked_monthday": 1610597148017, "blocked.GroupbyDistributedSuite.time_xarray_dayofyear": 1610597160909, "blocked.GroupbySuite.time_blocked_dayofyear": 1610597179413, "blocked.GroupbySuite.time_blocked_monthday": 1610597183838, "blocked.GroupbySuite.time_xarray_dayofyear": 1610597186933, "blocked.ResampleDistributedSuite.time_blocked": 1610597198225, "blocked.ResampleDistributedSuite.time_xarray": 1610597213684, "blocked.ResampleSuite.time_blocked": 1610597232340, "blocked.ResampleSuite.time_xarray": 1610597233172, "event.EventDistributedSuite.time_find_event": 1610597246864, "event.EventSuite.time_find_event": 1610597263062}, "ended_at": {"blocked.GroupbyDistributedSuite.time_blocked_dayofyear": 1610597148017, "blocked.GroupbyDistributedSuite.time_blocked_monthday": 1610597160909, "blocked.GroupbyDistributedSuite.time_xarray_dayofyear": 1610597179413, "blocked.GroupbySuite.time_blocked_dayofyear": 1610597183837, "blocked.GroupbySuite.time_blocked_monthday": 1610597186932, "blocked.GroupbySuite.time_xarray_dayofyear": 1610597198224, "blocked.ResampleDistributedSuite.time_blocked": 1610597213684, "blocked.ResampleDistributedSuite.time_xarray": 1610597232340, "blocked.ResampleSuite.time_blocked": 1610597233171, "blocked.ResampleSuite.time_xarray": 1610597246864, "event.EventDistributedSuite.time_find_event": 1610597263061, "event.EventSuite.time_find_event": 1610597273601}, "benchmark_version": {"blocked.GroupbyDistributedSuite.time_blocked_dayofyear": "b9f0bb55bbc47ee06d3b18d1a262ecb508482a72c15090ec33ce28fc8b66d564", "blocked.GroupbyDistributedSuite.time_blocked_monthday": "c8273bf5b34f68f8d0748f20122fbeedba81d415aa9d87794aa2b6869e6408d0", "blocked.GroupbyDistributedSuite.time_xarray_dayofyear": "d92aafd6c72af2cba3a3ab99a9e2ef6a439baf27470e8cf68b450951356cb45b", "blocked.GroupbySuite.time_blocked_dayofyear": "01d3740b4f5916532dc07a5d1aec3619fd38128f350845bcc1d9d15cd4d3b1dd", "blocked.GroupbySuite.time_blocked_monthday": "ea1ecf7949f8513fba397204403a348b9efc7ccd3753e255e48e9e64689684d2", "blocked.GroupbySuite.time_xarray_dayofyear": "c5d3ef9404ad60cb7e3b28de3c565c02f7a75c1041aab3ccdeba1cc6c7618e7b", "blocked.ResampleDistributedSuite.time_blocked": "d29f9c2d6cde111261f22e51c557062c5068402c190cf9dcec965b378369d37f", "blocked.ResampleDistributedSuite.time_xarray": "d8d10101f16199a6d72ef005b883a26202f2f8a1851c0042e59041d01aca66eb", "blocked.ResampleSuite.time_blocked": "62b1f41ff720dc40ea68f172077bed6172fe97cfcf57eace07809d4845c85a52", "blocked.ResampleSuite.time_xarray": "364ac7c62ba036563517fdb59f62d4ce79f49fe8d6476f286494b9671c236610", "event.EventDistributedSuite.time_find_event": "c5f98ef36a9e8d6fdefb8f5a70d489bad9a34b78345c40b8a9bb628a0bb0d04e", "event.EventSuite.time_find_event": "a231d487f53daed34d1f991be54d797f3e1f15a79e7d0a811686326b16fc028e"}, "version": 1}