{"results": {"blocked.GroupbyDistributedSuite.time_blocked_dayofyear": {"result": [1.1509175270039123], "stats": [{"ci_99": [1.1091802892239278, 1.1914958144573984], "q_25": 1.1316034759947797, "q_75": 1.1717174780205823, "min": 1.116110639006365, "max": 1.1802663640119135, "mean": 1.150338051840663, "std": 0.023944795595527067, "repeat": 6, "number": 1}]}, "blocked.GroupbyDistributedSuite.time_blocked_monthday": {"result": [0.9558859354874585], "stats": [{"ci_99": [0.9307885231942469, 0.9816420751480788], "q_25": 0.9457703082443913, "q_75": 0.9688418202567846, "min": 0.9330412150011398, "max": 0.976919828040991, "mean": 0.9562152991711628, "std": 0.015389625800533236, "repeat": 6, "number": 1}]}, "blocked.GroupbyDistributedSuite.time_xarray_dayofyear": {"result": [6.81930769601604], "stats": [{"ci_99": [-3.7552282538381405, 17.393843645870213], "q_25": 6.713562336517498, "q_75": 6.9250530555145815, "min": 6.607816977018956, "max": 7.030798415013123, "mean": 6.81930769601604, "std": 0.2114907189970836, "repeat": 2, "number": 1}]}, "blocked.GroupbySuite.time_blocked_dayofyear": {"result": [0.6373314684897196], "stats": [{"ci_99": [0.5136100249947049, 0.7232162920408882], "q_25": 0.5712519564985996, "q_75": 0.6889380442589754, "min": 0.5136100249947049, "max": 0.7232162920408882, "mean": 0.6278369132021908, "std": 0.07181448997153272, "repeat": 10, "number": 1}]}, "blocked.GroupbySuite.time_blocked_monthday": {"result": [0.4298640069901012], "stats": [{"ci_99": [0.3498805650160648, 0.5387999369995669], "q_25": 0.4056735927442787, "q_75": 0.47653796352096833, "min": 0.3498805650160648, "max": 0.5387999369995669, "mean": 0.44111910730134696, "std": 0.053943474141526275, "repeat": 10, "number": 1}]}, "blocked.GroupbySuite.time_xarray_dayofyear": {"result": [5.840779834979912], "stats": [{"ci_99": [-2.639772313850699, 14.321331983810516], "q_25": 5.755974313491606, "q_75": 5.925585356468218, "min": 5.6711687920033, "max": 6.0103908779565245, "mean": 5.840779834979912, "std": 0.16961104297661223, "repeat": 2, "number": 1}]}, "blocked.ResampleDistributedSuite.time_blocked": {"result": [0.7298302005219739], "stats": [{"ci_99": [0.7019174009910785, 0.7760752750327811], "q_25": 0.7142286002635956, "q_75": 0.7427171197341522, "min": 0.7019174009910785, "max": 0.7760752750327811, "mean": 0.7310069683808251, "std": 0.02280930852873368, "repeat": 8, "number": 1}]}, "blocked.ResampleDistributedSuite.time_xarray": {"result": [3.9728336649714038], "stats": [{"ci_99": [3.581292479711498, 4.333950042312124], "q_25": 3.920644091500435, "q_75": 4.0022046325029805, "min": 3.8684545180294663, "max": 4.031575600034557, "mean": 3.957621261011809, "std": 0.06745707165449903, "repeat": 3, "number": 1}]}, "blocked.ResampleSuite.time_blocked": {"result": [0.11563288999604993], "stats": [{"ci_99": [0.11120907100848854, 0.12500936700962484], "q_25": 0.11303503178351093, "q_75": 0.11879549350123852, "min": 0.11120907100848854, "max": 0.12500936700962484, "mean": 0.1162677597021684, "std": 0.0042017680860626065, "repeat": 10, "number": 1}]}, "blocked.ResampleSuite.time_xarray": {"result": [3.708070858469], "stats": [{"ci_99": [3.163845458853917, 4.24287367111522], "q_25": 3.5343664529791567, "q_75": 3.87706397047441, "min": 3.4917387299938127, "max": 3.905557813006453, "mean": 3.7033595649845665, "std": 0.1847899597328669, "repeat": 4, "number": 1}]}, "event.EventDistributedSuite.time_find_event": {"result": [10.808087107987376], "stats": [{"ci_99": [7.763569157075835, 13.852605058898913], "q_25": 10.77764192847826, "q_75": 10.838532287496491, "min": 10.747196748969145, "max": 10.868977467005607, "mean": 10.808087107987376, "std": 0.06089035901823081, "repeat": 2, "number": 1}]}, "event.EventSuite.time_find_event": {"result": [3.1751911519968417], "stats": [{"ci_99": [3.1228488392959584, 3.28433184500318], "q_25": 3.1708559979888378, "q_75": 3.1984935044893064, "min": 3.1311651630094275, "max": 3.28433184500318, "mean": 3.1902585356632094, "std": 0.04733671580896524, "repeat": 6, "number": 1}]}}, "params": {"arch": "x86_64", "cpu": "Intel(R) Xeon(R) Platinum 8268 CPU @ 2.90GHz", "machine": "gadi", "num_cpu": "48", "os": "Linux 4.18.0-240.1.1.el8.nci.x86_64", "ram": "262432756", "python": "", "cfunits": "", "dask": "", "iris": "", "mule": "", "netcdf4": "", "pandas": "", "python-graphviz": "", "scipy": "", "sparse": "", "tqdm": "", "typing_extensions": "", "xarray": ""}, "requirements": {"cfunits": "", "dask": "", "iris": "", "mule": "", "netcdf4": "", "pandas": "", "python-graphviz": "", "scipy": "", "sparse": "", "tqdm": "", "typing_extensions": "", "xarray": ""}, "commit_hash": "afde30224b467f2b24f12dbbd580194a4155f334", "date": 1604277864000, "env_name": "conda-py-cfunits-dask-iris-mule-netcdf4-pandas-python-graphviz-scipy-sparse-tqdm-typing_extensions-xarray", "python": "", "profiles": {}, "started_at": {"blocked.GroupbyDistributedSuite.time_blocked_dayofyear": 1610579011781, "blocked.GroupbyDistributedSuite.time_blocked_monthday": 1610579026043, "blocked.GroupbyDistributedSuite.time_xarray_dayofyear": 1610579039195, "blocked.GroupbySuite.time_blocked_dayofyear": 1610579057350, "blocked.GroupbySuite.time_blocked_monthday": 1610579061775, "blocked.GroupbySuite.time_xarray_dayofyear": 1610579065019, "blocked.ResampleDistributedSuite.time_blocked": 1610579077277, "blocked.ResampleDistributedSuite.time_xarray": 1610579092090, "blocked.ResampleSuite.time_blocked": 1610579110904, "blocked.ResampleSuite.time_xarray": 1610579111855, "event.EventDistributedSuite.time_find_event": 1610579123647, "event.EventSuite.time_find_event": 1610579150932}, "ended_at": {"blocked.GroupbyDistributedSuite.time_blocked_dayofyear": 1610579026042, "blocked.GroupbyDistributedSuite.time_blocked_monthday": 1610579039195, "blocked.GroupbyDistributedSuite.time_xarray_dayofyear": 1610579057350, "blocked.GroupbySuite.time_blocked_dayofyear": 1610579061775, "blocked.GroupbySuite.time_blocked_monthday": 1610579065018, "blocked.GroupbySuite.time_xarray_dayofyear": 1610579077276, "blocked.ResampleDistributedSuite.time_blocked": 1610579092090, "blocked.ResampleDistributedSuite.time_xarray": 1610579110903, "blocked.ResampleSuite.time_blocked": 1610579111854, "blocked.ResampleSuite.time_xarray": 1610579123647, "event.EventDistributedSuite.time_find_event": 1610579150932, "event.EventSuite.time_find_event": 1610579163777}, "benchmark_version": {"blocked.GroupbyDistributedSuite.time_blocked_dayofyear": "b9f0bb55bbc47ee06d3b18d1a262ecb508482a72c15090ec33ce28fc8b66d564", "blocked.GroupbyDistributedSuite.time_blocked_monthday": "c8273bf5b34f68f8d0748f20122fbeedba81d415aa9d87794aa2b6869e6408d0", "blocked.GroupbyDistributedSuite.time_xarray_dayofyear": "d92aafd6c72af2cba3a3ab99a9e2ef6a439baf27470e8cf68b450951356cb45b", "blocked.GroupbySuite.time_blocked_dayofyear": "01d3740b4f5916532dc07a5d1aec3619fd38128f350845bcc1d9d15cd4d3b1dd", "blocked.GroupbySuite.time_blocked_monthday": "ea1ecf7949f8513fba397204403a348b9efc7ccd3753e255e48e9e64689684d2", "blocked.GroupbySuite.time_xarray_dayofyear": "c5d3ef9404ad60cb7e3b28de3c565c02f7a75c1041aab3ccdeba1cc6c7618e7b", "blocked.ResampleDistributedSuite.time_blocked": "d29f9c2d6cde111261f22e51c557062c5068402c190cf9dcec965b378369d37f", "blocked.ResampleDistributedSuite.time_xarray": "d8d10101f16199a6d72ef005b883a26202f2f8a1851c0042e59041d01aca66eb", "blocked.ResampleSuite.time_blocked": "62b1f41ff720dc40ea68f172077bed6172fe97cfcf57eace07809d4845c85a52", "blocked.ResampleSuite.time_xarray": "364ac7c62ba036563517fdb59f62d4ce79f49fe8d6476f286494b9671c236610", "event.EventDistributedSuite.time_find_event": "c5f98ef36a9e8d6fdefb8f5a70d489bad9a34b78345c40b8a9bb628a0bb0d04e", "event.EventSuite.time_find_event": "a231d487f53daed34d1f991be54d797f3e1f15a79e7d0a811686326b16fc028e"}, "version": 1}