{"results": {"blocked.GroupbyDistributedSuite.time_blocked_dayofyear": {"result": [1.1188362745160703], "stats": [{"ci_99": [1.0693158345040825, 1.2003626819932833], "q_25": 1.1029717827768764, "q_75": 1.146128972992301, "min": 1.083916526986286, "max": 1.2003626819932833, "mean": 1.1291436526710943, "std": 0.03837425573996615, "repeat": 6, "number": 1}]}, "blocked.GroupbyDistributedSuite.time_blocked_monthday": {"result": [0.9274916650028899], "stats": [{"ci_99": [0.8938917012426452, 0.9903108390280977], "q_25": 0.9137546134879813, "q_75": 0.9515080179844517, "min": 0.902632643992547, "max": 0.9903108390280977, "mean": 0.9358514872812, "std": 0.03093758572475247, "repeat": 7, "number": 1}]}, "blocked.GroupbyDistributedSuite.time_xarray_dayofyear": {"result": [6.640781223017257], "stats": [{"ci_99": [-17.440353625512216, 30.72191607154671], "q_25": 6.399969874531962, "q_75": 6.881592571502551, "min": 6.159158526046667, "max": 7.122403919987846, "mean": 6.640781223017257, "std": 0.48162269697058946, "repeat": 2, "number": 1}]}, "blocked.GroupbySuite.time_blocked_dayofyear": {"result": [0.7421407370420638], "stats": [{"ci_99": [0.5572840130189434, 0.7768937540240586], "q_25": 0.7272538732649991, "q_75": 0.75673515649396, "min": 0.5572840130189434, "max": 0.7768937540240586, "mean": 0.7260637401137501, "std": 0.058812484322861965, "repeat": 10, "number": 1}]}, "blocked.GroupbySuite.time_blocked_monthday": {"result": [0.5758137800148688], "stats": [{"ci_99": [0.5394097630050965, 0.5906442609848455], "q_25": 0.5606387275183806, "q_75": 0.579933779037674, "min": 0.5394097630050965, "max": 0.5906442609848455, "mean": 0.57134903370752, "std": 0.01547337643651879, "repeat": 10, "number": 1}]}, "blocked.GroupbySuite.time_xarray_dayofyear": {"result": [6.291899875999661], "stats": [{"ci_99": [-6.849528173130238, 19.43332792512955], "q_25": 6.160485595508362, "q_75": 6.42331415649096, "min": 6.029071315017063, "max": 6.554728436982259, "mean": 6.291899875999661, "std": 0.262828560982598, "repeat": 2, "number": 1}]}, "blocked.ResampleDistributedSuite.time_blocked": {"result": [0.7044047605013475], "stats": [{"ci_99": [0.6884356090449728, 0.7457743940176442], "q_25": 0.6998785037430935, "q_75": 0.7347686157590942, "min": 0.6884356090449728, "max": 0.7457743940176442, "mean": 0.7144233772560256, "std": 0.021336766929078724, "repeat": 8, "number": 1}]}, "blocked.ResampleDistributedSuite.time_xarray": {"result": [3.634890771994833], "stats": [{"ci_99": [3.48270241822215, 3.841286970776447], "q_25": 3.610613158743945, "q_75": 3.686272307750187, "min": 3.60215855500428, "max": 3.77603867900325, "mean": 3.661994694499299, "std": 0.06887788460130795, "repeat": 4, "number": 1}]}, "blocked.ResampleSuite.time_blocked": {"result": [0.10901543201180175], "stats": [{"ci_99": [0.09912305697798729, 0.11456213699420914], "q_25": 0.10553523772978224, "q_75": 0.11231253478035796, "min": 0.09912305697798729, "max": 0.11456213699420914, "mean": 0.10834767769556493, "std": 0.0050942960850221255, "repeat": 10, "number": 1}]}, "blocked.ResampleSuite.time_xarray": {"result": [3.7593740224838257], "stats": [{"ci_99": [3.3364849564429093, 4.1398736900840225], "q_25": 3.678487672485062, "q_75": 3.81906567326223, "min": 3.5081883300445043, "max": 3.92578091804171, "mean": 3.7381793232634664, "std": 0.15012676749190942, "repeat": 4, "number": 1}]}, "event.EventDistributedSuite.time_find_event": {"result": [2.8652793369838037], "stats": [{"ci_99": [2.621194567958132, 3.077187618046759], "q_25": 2.828818547510309, "q_75": 2.8776077604852617, "min": 2.7923577580368146, "max": 2.8899361839867197, "mean": 2.849191093002446, "std": 0.04142874202384978, "repeat": 3, "number": 1}]}, "event.EventSuite.time_find_event": {"result": [5.308832254988374], "stats": [{"ci_99": [3.9566171056067105, 6.661047404370037], "q_25": 5.2953101034945576, "q_75": 5.322354406482191, "min": 5.281787952000741, "max": 5.3358765579760075, "mean": 5.308832254988374, "std": 0.027044302987633273, "repeat": 2, "number": 1}]}}, "params": {"arch": "x86_64", "cpu": "Intel(R) Xeon(R) Platinum 8268 CPU @ 2.90GHz", "machine": "gadi", "num_cpu": "48", "os": "Linux 4.18.0-240.1.1.el8.nci.x86_64", "ram": "262432756", "python": "", "cfunits": "", "dask": "", "iris": "", "mule": "", "netcdf4": "", "pandas": "", "python-graphviz": "", "scipy": "", "sparse": "", "tqdm": "", "typing_extensions": "", "xarray": ""}, "requirements": {"cfunits": "", "dask": "", "iris": "", "mule": "", "netcdf4": "", "pandas": "", "python-graphviz": "", "scipy": "", "sparse": "", "tqdm": "", "typing_extensions": "", "xarray": ""}, "commit_hash": "dc44fc19d72a7969a09b912c1a6fae1f35056458", "date": 1610581829000, "env_name": "conda-py-cfunits-dask-iris-mule-netcdf4-pandas-python-graphviz-scipy-sparse-tqdm-typing_extensions-xarray", "python": "", "profiles": {}, "started_at": {"blocked.GroupbyDistributedSuite.time_blocked_dayofyear": 1610582902242, "blocked.GroupbyDistributedSuite.time_blocked_monthday": 1610582916091, "blocked.GroupbyDistributedSuite.time_xarray_dayofyear": 1610582932098, "blocked.GroupbySuite.time_blocked_dayofyear": 1610582952012, "blocked.GroupbySuite.time_blocked_monthday": 1610582956598, "blocked.GroupbySuite.time_xarray_dayofyear": 1610582960282, "blocked.ResampleDistributedSuite.time_blocked": 1610582972526, "blocked.ResampleDistributedSuite.time_xarray": 1610582987339, "blocked.ResampleSuite.time_blocked": 1610583005546, "blocked.ResampleSuite.time_xarray": 1610583006424, "event.EventDistributedSuite.time_find_event": 1610583018018, "event.EventSuite.time_find_event": 1610583031166}, "ended_at": {"blocked.GroupbyDistributedSuite.time_blocked_dayofyear": 1610582916091, "blocked.GroupbyDistributedSuite.time_blocked_monthday": 1610582932097, "blocked.GroupbyDistributedSuite.time_xarray_dayofyear": 1610582952011, "blocked.GroupbySuite.time_blocked_dayofyear": 1610582956597, "blocked.GroupbySuite.time_blocked_monthday": 1610582960281, "blocked.GroupbySuite.time_xarray_dayofyear": 1610582972526, "blocked.ResampleDistributedSuite.time_blocked": 1610582987339, "blocked.ResampleDistributedSuite.time_xarray": 1610583005545, "blocked.ResampleSuite.time_blocked": 1610583006424, "blocked.ResampleSuite.time_xarray": 1610583018017, "event.EventDistributedSuite.time_find_event": 1610583031165, "event.EventSuite.time_find_event": 1610583042008}, "benchmark_version": {"blocked.GroupbyDistributedSuite.time_blocked_dayofyear": "b9f0bb55bbc47ee06d3b18d1a262ecb508482a72c15090ec33ce28fc8b66d564", "blocked.GroupbyDistributedSuite.time_blocked_monthday": "c8273bf5b34f68f8d0748f20122fbeedba81d415aa9d87794aa2b6869e6408d0", "blocked.GroupbyDistributedSuite.time_xarray_dayofyear": "d92aafd6c72af2cba3a3ab99a9e2ef6a439baf27470e8cf68b450951356cb45b", "blocked.GroupbySuite.time_blocked_dayofyear": "01d3740b4f5916532dc07a5d1aec3619fd38128f350845bcc1d9d15cd4d3b1dd", "blocked.GroupbySuite.time_blocked_monthday": "ea1ecf7949f8513fba397204403a348b9efc7ccd3753e255e48e9e64689684d2", "blocked.GroupbySuite.time_xarray_dayofyear": "c5d3ef9404ad60cb7e3b28de3c565c02f7a75c1041aab3ccdeba1cc6c7618e7b", "blocked.ResampleDistributedSuite.time_blocked": "d29f9c2d6cde111261f22e51c557062c5068402c190cf9dcec965b378369d37f", "blocked.ResampleDistributedSuite.time_xarray": "d8d10101f16199a6d72ef005b883a26202f2f8a1851c0042e59041d01aca66eb", "blocked.ResampleSuite.time_blocked": "62b1f41ff720dc40ea68f172077bed6172fe97cfcf57eace07809d4845c85a52", "blocked.ResampleSuite.time_xarray": "364ac7c62ba036563517fdb59f62d4ce79f49fe8d6476f286494b9671c236610", "event.EventDistributedSuite.time_find_event": "c5f98ef36a9e8d6fdefb8f5a70d489bad9a34b78345c40b8a9bb628a0bb0d04e", "event.EventSuite.time_find_event": "a231d487f53daed34d1f991be54d797f3e1f15a79e7d0a811686326b16fc028e"}, "version": 1}