{"results": {"benchmarks.TimeSuite.time_iterkeys": null, "benchmarks.TimeSuite.time_keys": {"result": [3.2492381241304727e-06], "stats": [{"ci_99": [3.2035255476176818e-06, 3.3621452018005862e-06], "q_25": 3.2193307470885603e-06, "q_75": 3.2724380051919736e-06, "min": 3.2035255476176818e-06, "max": 3.3621452018005862e-06, "mean": 3.2573379157952777e-06, "std": 4.784917352625404e-08, "repeat": 10, "number": 3347}]}, "benchmarks.TimeSuite.time_range": {"result": [1.2715355328994514e-05], "stats": [{"ci_99": [1.2578426386486163e-05, 1.3014593896329602e-05], "q_25": 1.2674302026222587e-05, "q_75": 1.2885850244551854e-05, "min": 1.2578426386486163e-05, "max": 1.3014593896329602e-05, "mean": 1.2760444157632766e-05, "std": 1.4189520701286037e-07, "repeat": 10, "number": 788}]}, "benchmarks.TimeSuite.time_xrange": null, "benchmarks.MemSuite.mem_list": 2104, "blocked.GroupbySuite.time_monthday": {"result": [0.2845222999967518], "stats": [{"ci_99": [0.2796038999949815, 0.3398027999937767], "q_25": 0.2815728749956179, "q_75": 0.28839214999607066, "min": 0.2796038999949815, "max": 0.3398027999937767, "mean": 0.2933404499955941, "std": 0.0198125175201756, "repeat": 10, "number": 1}]}, "blocked.GroupbySuite.time_blocked_dayofyear": {"result": [0.2283534999951371], "stats": [{"ci_99": [0.21973569999681786, 0.2745475000119768], "q_25": 0.2241436749973218, "q_75": 0.23107417499704752, "min": 0.21973569999681786, "max": 0.2745475000119768, "mean": 0.23401764999725855, "std": 0.016818010827768674, "repeat": 10, "number": 1}]}, "blocked.GroupbySuite.time_blocked_monthday": {"result": [0.16880245000356808], "stats": [{"ci_99": [0.16574349999427795, 0.23175250001077075], "q_25": 0.16793744999813498, "q_75": 0.17216247499891324, "min": 0.16574349999427795, "max": 0.23175250001077075, "mean": 0.1808633100008592, "std": 0.024267472089754626, "repeat": 10, "number": 1}]}, "blocked.GroupbySuite.time_xarray_dayofyear": {"result": [2.7085152999934508], "stats": [{"ci_99": [2.4512441630785022, 2.9513832702467], "q_25": 2.5571522749924043, "q_75": 2.8406763749953825, "min": 2.547332899994217, "max": 2.8520908000064082, "mean": 2.7013137166626016, "std": 0.14253245541270437, "repeat": 6, "number": 1}]}, "blocked.ResampleSuite.time_blocked": {"result": [0.0689697999987402], "stats": [{"ci_99": [0.06787930001155473, 0.07356190000427887], "q_25": 0.06853692499862518, "q_75": 0.06959037499836995, "min": 0.06787930001155473, "max": 0.07356190000427887, "mean": 0.06938866999989841, "std": 0.0015505292302397788, "repeat": 10, "number": 1}]}, "blocked.ResampleSuite.time_xarray": {"result": [1.7872528500010958], "stats": [{"ci_99": [1.7183181000000332, 1.840842599995085], "q_25": 1.724922425004479, "q_75": 1.8376526750071207, "min": 1.7183181000000332, "max": 1.840842599995085, "mean": 1.7821672000020043, "std": 0.05588259221679982, "repeat": 10, "number": 1}]}}, "params": {"arch": "x86_64", "cpu": "AMD Ryzen 5 3600X 6-Core Processor", "machine": "Freya", "num_cpu": "12", "os": "Linux 4.4.0-19041-Microsoft", "ram": "16726988", "python": "", "cfunits": "", "dask": "", "iris": "", "mule": "", "netcdf4": "", "pandas": "", "python-graphviz": "", "scipy": "", "sparse": "", "tqdm": "", "typing_extensions": "", "xarray": ""}, "requirements": {"cfunits": "", "dask": "", "iris": "", "mule": "", "netcdf4": "", "pandas": "", "python-graphviz": "", "scipy": "", "sparse": "", "tqdm": "", "typing_extensions": "", "xarray": ""}, "commit_hash": "0ab06d7a24ab45a959d3d240e573f91c07a1267f", "date": 1609816149000, "env_name": "conda-py-cfunits-dask-iris-mule-netcdf4-pandas-python-graphviz-scipy-sparse-tqdm-typing_extensions-xarray", "python": "", "profiles": {}, "started_at": {"benchmarks.TimeSuite.time_iterkeys": 1609818133652, "benchmarks.TimeSuite.time_keys": 1609818148218, "benchmarks.TimeSuite.time_range": 1609818148442, "benchmarks.TimeSuite.time_xrange": 1609818134168, "benchmarks.MemSuite.mem_list": 1609818148147, "blocked.GroupbySuite.time_monthday": 1609818006932, "blocked.GroupbySuite.time_blocked_dayofyear": 1609818454963, "blocked.GroupbySuite.time_blocked_monthday": 1609818456596, "blocked.GroupbySuite.time_xarray_dayofyear": 1609818457978, "blocked.ResampleSuite.time_blocked": 1609818468469, "blocked.ResampleSuite.time_xarray": 1609818469045}, "ended_at": {"benchmarks.TimeSuite.time_iterkeys": 1609818133721, "benchmarks.TimeSuite.time_keys": 1609818148441, "benchmarks.TimeSuite.time_range": 1609818148665, "benchmarks.TimeSuite.time_xrange": 1609818134237, "benchmarks.MemSuite.mem_list": 1609818148216, "blocked.GroupbySuite.time_monthday": 1609818009077, "blocked.GroupbySuite.time_blocked_dayofyear": 1609818456596, "blocked.GroupbySuite.time_blocked_monthday": 1609818457978, "blocked.GroupbySuite.time_xarray_dayofyear": 1609818468469, "blocked.ResampleSuite.time_blocked": 1609818469045, "blocked.ResampleSuite.time_xarray": 1609818479681}, "benchmark_version": {"benchmarks.TimeSuite.time_iterkeys": "8cbbcf6e9f798af859479108fa2aedee542bd626e61d71f54acd8a0d6300e6e6", "benchmarks.TimeSuite.time_keys": "86e015a3c40c52da31e4185fff7c7176c38c5e1e1e4aba71912db0b388225191", "benchmarks.TimeSuite.time_range": "cc3e85248a6284df968bcf8afe866da285261eb2487c10e9dd9e2d17a05deb47", "benchmarks.TimeSuite.time_xrange": "473d76d807f9873b39e527c0d0c3794e8e30e367afdf2614cb2ab190b5e120c1", "benchmarks.MemSuite.mem_list": "abe86bab484550a681c61d7bb6eb081fbd37eb6d5009eba1df85c935530577b9", "blocked.GroupbySuite.time_monthday": "e689a8cb7110ef25e01624eed8fff99a7d9ad257260121bd946da869a5ebb746", "blocked.GroupbySuite.time_blocked_dayofyear": "01d3740b4f5916532dc07a5d1aec3619fd38128f350845bcc1d9d15cd4d3b1dd", "blocked.GroupbySuite.time_blocked_monthday": "ea1ecf7949f8513fba397204403a348b9efc7ccd3753e255e48e9e64689684d2", "blocked.GroupbySuite.time_xarray_dayofyear": "c5d3ef9404ad60cb7e3b28de3c565c02f7a75c1041aab3ccdeba1cc6c7618e7b", "blocked.ResampleSuite.time_blocked": "62b1f41ff720dc40ea68f172077bed6172fe97cfcf57eace07809d4845c85a52", "blocked.ResampleSuite.time_xarray": "364ac7c62ba036563517fdb59f62d4ce79f49fe8d6476f286494b9671c236610"}, "version": 1}