{"results": {"blocked.GroupbySuite.time_blocked_dayofyear": {"result": [0.3126271499932045], "stats": [{"ci_99": [0.2977016999939224, 0.34394289999909233], "q_25": 0.3003146499977447, "q_75": 0.3215577500013751, "min": 0.2977016999939224, "max": 0.34394289999909233, "mean": 0.3137292899962631, "std": 0.014682803495529122, "repeat": 10, "number": 1}]}, "blocked.GroupbySuite.time_blocked_monthday": {"result": [0.2437466499977745], "stats": [{"ci_99": [0.22851909999735653, 0.27990589999535587], "q_25": 0.23839082500126096, "q_75": 0.2593821000009484, "min": 0.22851909999735653, "max": 0.27990589999535587, "mean": 0.2484980499968515, "std": 0.014908833143747205, "repeat": 10, "number": 1}]}, "blocked.GroupbySuite.time_xarray_dayofyear": {"result": [3.0456320500015863], "stats": [{"ci_99": [3.0129942999919876, 3.064236629433123], "q_25": 3.031911849997414, "q_75": 3.05106107499887, "min": 3.0129942999919876, "max": 3.05717949999962, "mean": 3.0402745166647946, "std": 0.01522875723199255, "repeat": 6, "number": 1}]}, "blocked.ResampleSuite.time_blocked": {"result": [0.1291424500013818], "stats": [{"ci_99": [0.11620689999836031, 0.14901609999651555], "q_25": 0.12433564999810187, "q_75": 0.13542332499855547, "min": 0.11620689999836031, "max": 0.14901609999651555, "mean": 0.13057890999916708, "std": 0.009049610063400704, "repeat": 10, "number": 1}]}, "blocked.ResampleSuite.time_xarray": {"result": [1.8962347999986378], "stats": [{"ci_99": [1.8759468000062043, 1.9226966000132961], "q_25": 1.8873265749934944, "q_75": 1.906550950006931, "min": 1.8759468000062043, "max": 1.9226966000132961, "mean": 1.8969048800005113, "std": 0.013334025574830217, "repeat": 10, "number": 1}]}, "event.EventSuite.time_find_event": {"result": [1.2022353499996825], "stats": [{"ci_99": [1.185307500010822, 1.2574620000086725], "q_25": 1.1946725249981682, "q_75": 1.21394304999194, "min": 1.185307500010822, "max": 1.2574620000086725, "mean": 1.2073511100010363, "std": 0.019356085737859734, "repeat": 10, "number": 1}]}}, "params": {"arch": "x86_64", "cpu": "AMD Ryzen 5 3600X 6-Core Processor", "machine": "Freya", "num_cpu": "12", "os": "Linux 4.4.0-19041-Microsoft", "ram": "16726988", "python": "", "cfunits": "", "dask": "", "iris": "", "mule": "", "netcdf4": "", "pandas": "", "python-graphviz": "", "scipy": "", "sparse": "", "tqdm": "", "typing_extensions": "", "xarray": ""}, "requirements": {"cfunits": "", "dask": "", "iris": "", "mule": "", "netcdf4": "", "pandas": "", "python-graphviz": "", "scipy": "", "sparse": "", "tqdm": "", "typing_extensions": "", "xarray": ""}, "commit_hash": "3801e053df60b21ffab4534be4c2642bf0a17e01", "date": 1609824900000, "env_name": "conda-py-cfunits-dask-iris-mule-netcdf4-pandas-python-graphviz-scipy-sparse-tqdm-typing_extensions-xarray", "python": "", "profiles": {}, "started_at": {"blocked.GroupbySuite.time_blocked_dayofyear": 1609825020542, "blocked.GroupbySuite.time_blocked_monthday": 1609825022725, "blocked.GroupbySuite.time_xarray_dayofyear": 1609825024565, "blocked.ResampleSuite.time_blocked": 1609825037028, "blocked.ResampleSuite.time_xarray": 1609825038009, "event.EventSuite.time_find_event": 1609825049789}, "ended_at": {"blocked.GroupbySuite.time_blocked_dayofyear": 1609825022725, "blocked.GroupbySuite.time_blocked_monthday": 1609825024565, "blocked.GroupbySuite.time_xarray_dayofyear": 1609825037027, "blocked.ResampleSuite.time_blocked": 1609825038009, "blocked.ResampleSuite.time_xarray": 1609825049789, "event.EventSuite.time_find_event": 1609825057304}, "benchmark_version": {"blocked.GroupbySuite.time_blocked_dayofyear": "01d3740b4f5916532dc07a5d1aec3619fd38128f350845bcc1d9d15cd4d3b1dd", "blocked.GroupbySuite.time_blocked_monthday": "ea1ecf7949f8513fba397204403a348b9efc7ccd3753e255e48e9e64689684d2", "blocked.GroupbySuite.time_xarray_dayofyear": "c5d3ef9404ad60cb7e3b28de3c565c02f7a75c1041aab3ccdeba1cc6c7618e7b", "blocked.ResampleSuite.time_blocked": "62b1f41ff720dc40ea68f172077bed6172fe97cfcf57eace07809d4845c85a52", "blocked.ResampleSuite.time_xarray": "364ac7c62ba036563517fdb59f62d4ce79f49fe8d6476f286494b9671c236610", "event.EventSuite.time_find_event": "a231d487f53daed34d1f991be54d797f3e1f15a79e7d0a811686326b16fc028e"}, "version": 1}