{"results": {"blocked.GroupbyDistributedSuite.time_blocked_dayofyear": {"result": [1.1829518500017002], "stats": [{"ci_99": [1.10608699418263, 1.2656521058225372], "q_25": 1.1449280499946326, "q_75": 1.2242101000156254, "min": 1.1247740999679081, "max": 1.2543232000316493, "mean": 1.1858695500025835, "std": 0.04756067990181208, "repeat": 6, "number": 1}]}, "blocked.GroupbyDistributedSuite.time_blocked_monthday": {"result": [0.963999400002649], "stats": [{"ci_99": [0.9384688841368306, 0.9830672491967444], "q_25": 0.9501163249951787, "q_75": 0.9725717999972403, "min": 0.9404900000081398, "max": 0.9752016999991611, "mean": 0.9607680666667875, "std": 0.013211613632431533, "repeat": 6, "number": 1}]}, "blocked.GroupbyDistributedSuite.time_xarray_dayofyear": {"result": [6.495260349998716], "stats": [{"ci_99": [0.5166628502192907, 12.473857849778136], "q_25": 6.435474375000922, "q_75": 6.5550463249965105, "min": 6.375688400003128, "max": 6.614832299994305, "mean": 6.495260349998716, "std": 0.11957194999558851, "repeat": 2, "number": 1}]}, "blocked.GroupbySuite.time_blocked_dayofyear": {"result": [0.2849782000412233], "stats": [{"ci_99": [0.28187160001834854, 0.31035079999128357], "q_25": 0.28309060000174213, "q_75": 0.29322445002617314, "min": 0.28187160001834854, "max": 0.31035079999128357, "mean": 0.2900812000152655, "std": 0.009879281206378925, "repeat": 10, "number": 1}]}, "blocked.GroupbySuite.time_blocked_monthday": {"result": [0.2233245499955956], "stats": [{"ci_99": [0.22030839999206364, 0.2458561999956146], "q_25": 0.2222478749899892, "q_75": 0.23233845001959708, "min": 0.22030839999206364, "max": 0.2458561999956146, "mean": 0.22815064000315033, "std": 0.008424178789458558, "repeat": 10, "number": 1}]}, "blocked.GroupbySuite.time_xarray_dayofyear": {"result": [2.716725950012915], "stats": [{"ci_99": [2.682379848717006, 2.760701599996537], "q_25": 2.6998895999859087, "q_75": 2.72974457500095, "min": 2.6933827999746427, "max": 2.760701599996537, "mean": 2.719316316661813, "std": 0.022994609507452243, "repeat": 6, "number": 1}]}, "blocked.ResampleDistributedSuite.time_blocked": {"result": [0.7067086999886669], "stats": [{"ci_99": [0.667921899992507, 0.7400982000399381], "q_25": 0.692340024994337, "q_75": 0.7253980750101618, "min": 0.667921899992507, "max": 0.7400982000399381, "mean": 0.7076173624955118, "std": 0.02341736232081865, "repeat": 8, "number": 1}]}, "blocked.ResampleDistributedSuite.time_xarray": {"result": [3.3373256499762647], "stats": [{"ci_99": [3.258693150768522, 3.415958149184007], "q_25": 3.3365393249841873, "q_75": 3.338111974968342, "min": 3.33575299999211, "max": 3.3388982999604195, "mean": 3.3373256499762647, "std": 0.0015726499841548502, "repeat": 2, "number": 1}]}, "blocked.ResampleSuite.time_blocked": {"result": [0.12802800003555603], "stats": [{"ci_99": [0.10802400001557544, 0.14807400002609938], "q_25": 0.1261363999947207, "q_75": 0.12980227499792818, "min": 0.10802400001557544, "max": 0.14807400002609938, "mean": 0.12658126000897027, "std": 0.010497339836524715, "repeat": 10, "number": 1}]}, "blocked.ResampleSuite.time_xarray": {"result": [1.7487288500124123], "stats": [{"ci_99": [1.7398299000342377, 1.7749236999661662], "q_25": 1.7425019499933114, "q_75": 1.760283950032317, "min": 1.7398299000342377, "max": 1.7749236999661662, "mean": 1.7519610800081864, "std": 0.01140514786112084, "repeat": 10, "number": 1}]}, "event.EventDistributedSuite.time_find_event": {"result": [2.0268603999866173], "stats": [{"ci_99": [1.9576754376103636, 2.099146862376016], "q_25": 2.009281424994697, "q_75": 2.04599012498511, "min": 1.997750399983488, "max": 2.062173400016036, "mean": 2.0284111499931896, "std": 0.024809764713007606, "repeat": 4, "number": 1}]}, "event.EventSuite.time_find_event": {"result": [1.4560975000204053], "stats": [{"ci_99": [1.451076199999079, 1.4654352000216022], "q_25": 1.4514518250362016, "q_75": 1.4594796749879606, "min": 1.451076199999079, "max": 1.4654352000216022, "mean": 1.4562070100102573, "std": 0.0046578459102627045, "repeat": 10, "number": 1}]}}, "params": {"arch": "x86_64", "cpu": "AMD Ryzen 5 3600X 6-Core Processor", "machine": "Freya", "num_cpu": "12", "os": "Linux 4.4.0-19041-Microsoft", "ram": "16726988", "python": "", "cfunits": "", "dask": "", "iris": "", "mule": "", "netcdf4": "", "pandas": "", "python-graphviz": "", "scipy": "", "sparse": "", "tqdm": "", "typing_extensions": "", "xarray": ""}, "requirements": {"cfunits": "", "dask": "", "iris": "", "mule": "", "netcdf4": "", "pandas": "", "python-graphviz": "", "scipy": "", "sparse": "", "tqdm": "", "typing_extensions": "", "xarray": ""}, "commit_hash": "9bb26ba608bd54335632cc953f0b232a8c94b269", "date": 1610590703000, "env_name": "conda-py-cfunits-dask-iris-mule-netcdf4-pandas-python-graphviz-scipy-sparse-tqdm-typing_extensions-xarray", "python": "", "profiles": {}, "started_at": {"blocked.GroupbyDistributedSuite.time_blocked_dayofyear": 1610596736892, "blocked.GroupbyDistributedSuite.time_blocked_monthday": 1610596750853, "blocked.GroupbyDistributedSuite.time_xarray_dayofyear": 1610596763662, "blocked.GroupbySuite.time_blocked_dayofyear": 1610596782581, "blocked.GroupbySuite.time_blocked_monthday": 1610596784665, "blocked.GroupbySuite.time_xarray_dayofyear": 1610596786410, "blocked.ResampleDistributedSuite.time_blocked": 1610596797552, "blocked.ResampleDistributedSuite.time_xarray": 1610596811259, "blocked.ResampleSuite.time_blocked": 1610596824621, "blocked.ResampleSuite.time_xarray": 1610596825548, "event.EventDistributedSuite.time_find_event": 1610596836391, "event.EventSuite.time_find_event": 1610596849506}, "ended_at": {"blocked.GroupbyDistributedSuite.time_blocked_dayofyear": 1610596750852, "blocked.GroupbyDistributedSuite.time_blocked_monthday": 1610596763662, "blocked.GroupbyDistributedSuite.time_xarray_dayofyear": 1610596782581, "blocked.GroupbySuite.time_blocked_dayofyear": 1610596784664, "blocked.GroupbySuite.time_blocked_monthday": 1610596786409, "blocked.GroupbySuite.time_xarray_dayofyear": 1610596797551, "blocked.ResampleDistributedSuite.time_blocked": 1610596811259, "blocked.ResampleDistributedSuite.time_xarray": 1610596824621, "blocked.ResampleSuite.time_blocked": 1610596825548, "blocked.ResampleSuite.time_xarray": 1610596836391, "event.EventDistributedSuite.time_find_event": 1610596849505, "event.EventSuite.time_find_event": 1610596858443}, "benchmark_version": {"blocked.GroupbyDistributedSuite.time_blocked_dayofyear": "b9f0bb55bbc47ee06d3b18d1a262ecb508482a72c15090ec33ce28fc8b66d564", "blocked.GroupbyDistributedSuite.time_blocked_monthday": "c8273bf5b34f68f8d0748f20122fbeedba81d415aa9d87794aa2b6869e6408d0", "blocked.GroupbyDistributedSuite.time_xarray_dayofyear": "d92aafd6c72af2cba3a3ab99a9e2ef6a439baf27470e8cf68b450951356cb45b", "blocked.GroupbySuite.time_blocked_dayofyear": "01d3740b4f5916532dc07a5d1aec3619fd38128f350845bcc1d9d15cd4d3b1dd", "blocked.GroupbySuite.time_blocked_monthday": "ea1ecf7949f8513fba397204403a348b9efc7ccd3753e255e48e9e64689684d2", "blocked.GroupbySuite.time_xarray_dayofyear": "c5d3ef9404ad60cb7e3b28de3c565c02f7a75c1041aab3ccdeba1cc6c7618e7b", "blocked.ResampleDistributedSuite.time_blocked": "d29f9c2d6cde111261f22e51c557062c5068402c190cf9dcec965b378369d37f", "blocked.ResampleDistributedSuite.time_xarray": "d8d10101f16199a6d72ef005b883a26202f2f8a1851c0042e59041d01aca66eb", "blocked.ResampleSuite.time_blocked": "62b1f41ff720dc40ea68f172077bed6172fe97cfcf57eace07809d4845c85a52", "blocked.ResampleSuite.time_xarray": "364ac7c62ba036563517fdb59f62d4ce79f49fe8d6476f286494b9671c236610", "event.EventDistributedSuite.time_find_event": "c5f98ef36a9e8d6fdefb8f5a70d489bad9a34b78345c40b8a9bb628a0bb0d04e", "event.EventSuite.time_find_event": "a231d487f53daed34d1f991be54d797f3e1f15a79e7d0a811686326b16fc028e"}, "version": 1}